<assembly xmlns="http://maven.apache.org/plugins/maven-assembly-plugin/assembly/1.1.2" xmlns:xsi="http://www.w3.org/2001/XMLSchema-instance"
  xsi:schemaLocation="http://maven.apache.org/plugins/maven-assembly-plugin/assembly/1.1.2 http://maven.apache.org/xsd/assembly-1.1.2.xsd">
    <id>bundle</id>
    <formats>
        <format>jar</format>
    </formats>
    <baseDirectory>/</baseDirectory>
    <fileSets>
        <fileSet>
            <directory>${project.build.directory}</directory>
            <outputDirectory>/</outputDirectory>
            <includes>
                <include>${project.build.finalName}.jar</include>
                <include>${project.build.finalName}.jar.asc</include>
                <include>${project.build.finalName}.pom</include>
                <include>${project.build.finalName}.pom.asc</include>
                <include>${project.build.finalName}-javadoc.jar</include>
                <include>${project.build.finalName}-javadoc.jar.asc</include>
                <include>${project.build.finalName}-sources.jar</include>
                <include>${project.build.finalName}-sources.jar.asc</include>
            </includes>
        </fileSet>
    </fileSets>
</assembly>